<?xml version="1.0" encoding="UTF-8"?>
<!DOCTYPE mapper
  PUBLIC "-//mybatis.org//DTD Mapper 3.0//EN"
  "http://mybatis.org/dtd/mybatis-3-mapper.dtd">
  
  <mapper namespace="com.multi.exercise.IExerciseDAO">
  	<resultMap type="com.multi.exercise.ExerciseVO" id="exerciseResult">
  		<result property="dayNo" column="dayNo"/>
  		<result property="id" column="id"/>
  		<result property="year" column="year"/>
  		<result property="month" column="month"/>
  		<result property="exdate" column="exdate"/>
  		<result property="exName" column="exName"/>
  		<result property="exWeight" column="exWeight"/>
  		<result property="exCount" column="exCount"/>
  		<result property="exMeter" column="exMeter"/>
  		<result property="exTime" column="exTime"/>
  	</resultMap>
  	
  	<!-- 운동 기록 조회 -->
  	<select id="exerciseList" resultMap="exerciseResult">
  		SELECT * FROM DayExercise WHERE id=#{loginId} ORDER BY year desc, month desc, exdate desc, dayNo desc
  	</select>
  	
	<!-- 운동 정보 등록 -->
  	<insert id="insertExercise" parameterType="com.multi.exercise.ExerciseVO">
  		INSERT INTO DayExercise ( id, year, month, exdate, exName, exWeight, exMeter, exTime, exCount)
  		VALUES (#{id}, #{year}, #{month}, #{exdate}, #{exName}, #{exWeight}, #{exMeter}, #{exTime}, #{exCount})
  	</insert>
  	
  	<!-- 운동 상세 기록 조회 -->
  	<select id="exerciseDetailView" resultMap="exerciseResult">
  		SELECT * FROM DayExercise WHERE dayNo=#{dayNo}
  	</select>
  	
  	<!-- 운동 기록 수정 -->
  	<update id="updateExercise" parameterType="com.multi.exercise.ExerciseVO">
  		UPDATE DayExercise
  		SET year=#{year}, month=#{month}, exdate=#{exdate},
  			exName=#{exName}, exWeight=#{exWeight}, exMeter=#{exMeter}, exTime=#{exTime}, exCount=#{exCount}
  			WHERE dayNo=#{dayNo}
  	</update>
  	
  	<!-- 운동 기록 삭제 -->
  	<delete id="deleteExercise" parameterType="String">
  		DELETE FROM DayExercise WHERE dayNo=#{dayNo}
  	</delete>
  	
  		<!-- 첫 번째 서브메뉴에서 테이블 조회 -->
 	<select id="byExerciseList" resultMap="exerciseResult">	  	  	
		SELECT *
		  FROM dayExercise
    	  WHERE id=#{loginId} 
		  	AND year=#{condYear} 
		  	AND month=#{condMonth} 
		  	AND exdate=#{condDate}
	</select>
 </mapper>